Col_No,Block_No,Cosmo_Floss_No
1,1,111
1,1,2111
1,1,112
1,1,113
1,1,114
1,1,2114
1,1,115A
1,1,2115
1,1,3115
1,2,351
1,2,352
1,2,353
1,2,354
1,2,203
1,2,204
1,2,205A
1,2,206
1,2,240
1,2,2240
1,2,241A
1,2,1241
1,2,2241
1,2,242
1,2,2242
1,2,245
1,2,2245
1,2,246
1,3,499
1,3,501
1,3,502
1,3,503
1,3,504
1,3,505A
1,3,506
1,4,220
1,4,221
1,4,2221
1,4,222
1,4,2222
1,4,223
1,4,2223
1,4,224
1,4,2224
1,4,225
1,4,226
1,5,811
1,5,812
1,5,813
1,5,814
1,5,815
1,5,816
2,1,832
2,1,833
2,1,834
2,1,835
2,1,836
2,1,837
2,1,838
2,2,101
2,2,102
2,2,103A
2,2,104
2,2,105
2,2,1105
2,2,2105
2,2,106
2,2,107
2,2,108
2,2,798
2,2,800
2,3,340
2,3,341
2,3,2341
2,3,342
2,3,343
2,3,2343
2,3,344
2,3,345
2,3,346
2,4,851
2,4,852
2,4,853
2,4,854
2,4,855
2,4,857
2,4,858
2,5,431
2,5,432A
2,5,433
2,5,434
2,5,435
2,5,436
2,5,437
2,6,232
2,6,233
2,6,234
2,6,235
2,6,236
3,1,651
3,1,3651
3,1,652
3,1,2652
3,1,653
3,1,654
3,1,655
3,2,380
3,2,381
3,2,382
3,2,383
3,2,384
3,2,385
3,2,386
3,3,423
3,3,424
3,3,2424
3,3,425
3,3,426
3,3,427
3,4,126A
3,4,127
3,4,128
3,4,129
3,4,2129
3,4,130
3,4,131
3,5,1000
3,5,305
3,5,306
3,5,307
3,5,2307
3,5,308
3,5,309
3,5,310
3,5,311
3,5,2311
3,5,2310
3,5,3311
3,5,4311
3,5,312
3,6,461
3,6,462
3,6,463
3,6,464
3,6,465
3,6,466
3,6,467
4,1,185
4,1,2185
4,1,3185
4,1,186
4,1,2186
4,1,187
4,1,188
4,2,402
4,2,2402
4,2,403
4,2,404
4,2,405
4,2,406
4,3,440
4,3,441
4,3,442
4,3,443
4,3,444
4,3,445
4,4,750
4,4,751
4,4,752
4,4,753
4,4,754
4,4,757
4,4,758
4,5,140
4,5,141
4,5,142
4,5,143
4,5,144A
4,5,145
4,5,146
4,5,147
4,6,297
4,6,3297
4,6,298
4,6,299
4,6,2299
4,6,3299
4,6,2297
4,6,300
4,6,301
4,6,2301
4,6,302
4,6,700
4,6,701
4,6,702
4,6,2702
4,6,703
4,6,704
4,6,705A
4,6,706
5,1,572
5,1,573
5,1,574
5,1,575
5,1,576
5,1,577
5,1,578
5,2,771
5,2,772
5,2,773
5,2,774
5,2,775A
5,2,820
5,2,821
5,2,822
5,2,823
5,2,824
5,2,825
5,2,826
5,3,820
5,3,821
5,3,822
5,3,823
5,3,824
5,3,825
5,3,826
5,4,671
5,4,672
5,4,673
5,4,674
5,4,675
5,5,681
5,5,682
5,5,683
5,5,684
5,5,685
5,5,686
5,5,687
5,6,921
5,6,922
5,6,923
5,6,924
5,6,2924
5,6,925
5,6,926
5,7,630A
5,7,631
5,7,2631
5,7,632
5,7,633
5,7,634
5,7,635A
5,7,636
5,7,637
6,1,116
6,1,117
6,1,2117
6,1,118
6,1,2118
6,1,119
6,1,120
6,1,2120
6,1,121
6,2,323
6,2,2323
6,2,324
6,2,325A
6,2,326
6,2,327
6,2,328
6,2,329
6,3,315A
6,3,316A
6,3,317
6,3,2317
6,3,318
6,3,319
6,3,2319
6,3,320
6,4,533
6,4,2533
6,4,534
6,4,535
6,4,2535
6,4,536
6,4,2536A
6,4,537
6,5,269
6,5,270
6,5,271
6,5,272
6,5,273
6,5,274
6,5,275
6,5,276
7,1,333
7,1,334
7,1,335
7,1,336
7,1,337
7,1,338
7,2,842
7,2,843
7,2,844
7,2,845
7,2,846
7,3,896
7,3,897
7,3,898
7,3,899
7,3,900
7,3,901
7,3,902
7,4,562
7,4,563
7,4,2563
7,4,564
7,4,565
7,4,566
7,5,371
7,5,372
7,5,373
7,5,374
7,5,375
7,5,376
7,6,980
7,6,981A
7,6,2981
7,6,982
7,6,983
7,6,984
7,7,410A
7,7,411
7,7,412
7,7,2412
7,7,413
7,7,414A
7,7,415A
8,1,730
8,1,731
8,1,732
8,1,733
8,1,734
8,1,735
8,2,251
8,2,2251
8,2,252
8,2,253
8,2,2253
8,2,254
8,2,255
8,3,162
8,3,163
8,3,164
8,3,165
8,3,166
8,3,167
8,3,168
8,3,169
8,4,521A
8,4,522
8,4,523
8,4,524
8,4,525
8,4,526
8,5,211
8,5,2211
8,5,212
8,5,2212
8,5,213
8,5,214
8,5,2214
8,5,215
8,5,216
8,5,217
8,5,218
9,1,662
9,1,2662
9,1,663
9,1,2663
9,1,664A
9,1,2664
9,1,665
9,1,667A
9,1,669A
9,2,171A
9,2,172A
9,2,2172
9,2,173
9,2,174
9,2,175
9,2,176
9,3,551
9,3,552
9,3,553
9,3,554
9,3,555
9,3,556
9,4,261
9,4,262
9,4,2262
9,4,263
9,4,264
9,4,265
9,4,266
9,5,281
9,5,2281
9,5,282
9,5,283
9,5,284
9,5,285
9,5,286
9,5,287A
9,6,480A
9,6,481A
9,6,482
9,6,483
9,6,484A
9,6,485A
9,6,486
10,1,711
10,1,712
10,1,713
10,1,714
10,1,715
10,1,716
10,2,364
10,2,365
10,2,366
10,2,367
10,2,368
10,2,369
10,3,472
10,3,473
10,3,474
10,3,475
10,3,476
10,3,477
10,4,761
10,4,762
10,4,2762
10,4,763
10,4,764
10,4,785
10,4,766
10,5,890
10,5,891
10,5,892
10,5,893
10,5,894
10,5,895
10,6,151
10,6,2151
10,6,152A
10,6,153A
10,6,154
10,6,2154
10,6,155
10,6,600
10,7,601
10,7,602
10,7,603
10,7,2500
10,7,500
10,7,100
10,7,110
10,8,258
10,8,4300
10,8,4792
10,8,4905